url,mname,id,name,transactiontype,bonusfixed,amount,minwithdraw,maxwithdraw,rollover,balance,claimconfig,claimcondition,bonus,bonusrandom,reset,mintopup,maxtopup,referlink,perceived_value,is_new
https://1spinnwin.com,1SPIN&WIN,27547,<b>Hourly Bonus</b>,,15.00,15,200,5,0.00,,"""{\""displayDescriptionOnly\"":\""1\"",\""displayAngpaoText\"":\""1\"",\""walletId\"":1,\""changeGameId\"":1,\""creditLessThan\"":0.1,\""resetHour\"":2}""",FREE,0.00,,HOURLY,,,,1.2588993529486476,1
https://1winbet369.com,1WINBET369,478916,<b> 1Winbet Giveaway $20,,20.00,20,500,10,0.00,,"""{\""displayDescriptionOnly\"":\""1\"",\""walletId\"":1,\""changeGameId\"":1}""",FREE,0.00,,WEEKLY,,,,0.7824908919849999,1
https://7pokies.com,7POKIES,184225,Daily Free,,5.00,5,500,20,0.00,,"""{\""creditLessThan\"":0.1,\""displayDescriptionOnly\"":\""1\"",\""mobileAppOnly\"":\""0\""}""",FREE,0.00,,DAILY,,,,0.16051388989769858,1
https://aud365.co,AUDBET365,776605,<b>App Free $188</b> #C,,188.00,188,238,100,0.00,,"""{\""creditLessThan\"":0.1,\""displayDescriptionOnly\"":\""1\"",\""registerDate\"":\""2023-04-05\"",\""walletId\"":1,\""changeGameId\"":1,\""displayAngpaoText\"":\""1\"",\""mobileAppOnly\"":\""1\""}""",FREE,0.00,,,,,,72.15791076458724,1
https://aud365.co,AUDBET365,230762,<b>Ultra Daily FREE</b> #R,,888.00,888,8888,10,0.00,,"""{\""creditLessThan\"":0.1,\""startDate\"":\""2024-12-21\"",\""displayDescriptionOnly\"":\""1\"",\""walletId\"":1,\""changeGameId\"":1,\""mobileAppOnly\"":\""1\""}""",FREE,0.00,,DAILY,,,,3.0892497883969123,1
https://audgo.net,AUDGO,442148,<b>   Application Chips   </b>,,20.00,20,500,20,0.00,,"""{\""startDate\"":\""2024-06-01\"",\""creditLessThan\"":1,\""displayDescriptionOnly\"":\""1\"",\""displayAngpaoText\"":\""1\"",\""walletId\"":1,\""changeGameId\"":1,\""mobileAppOnly\"":\""1\""}""",FREE,0.00,,DAILY,,,,0.9935008859591955,1
https://aucloud9.com,Cloud9,73754,DAILY CHECK IN BONUS,,9.00,9,700,20,0.00,,"""{\""creditLessThan\"":0.01,\""mobileAppOnly\"":\""0\"",\""walletId\"":1,\""changeGameId\"":1}""",FREE,0.00,,DAILY,,,,0.22819469869028952,1
https://auboss.co,AU BOSS,97014,<b>DAILY LOGIN</b>,,2.00,2,100,20,0.00,,"""{\""creditLessThan\"":1,\""walletId\"":1,\""changeGameId\"":1,\""displayDescriptionOnly\"":\""1\"",\""registerDate\"":\""2024-01-01\""}""",FREE,0.00,,DAILY,,,,0.36187915196815357,1
https://auboss.co,AU BOSS,826605,<b>DOWNLOAD APP FREE<b>,,10.00,10,500,10,0.00,,"""{\""creditLessThan\"":0.5,\""displayDescriptionOnly\"":\""1\"",\""walletId\"":1,\""changeGameId\"":1,\""mobileAppOnly\"":\""1\"",\""displayAngpaoText\"":\""1\""}""",FREE,0.00,,DAILY,,,,0.31438318259269477,1
https://aud2u.com,AUD2U,113391,Daily Super Free 365,,1.88,1.88,188,20,0.00,,"""{\""creditLessThan\"":0.1,\""displayDescriptionOnly\"":\""1\"",\""walletId\"":1,\""changeGameId\"":1}""",FREE,0.00,,DAILY,,,,0.1516589453469784,1
https://auslot7.com,BngWin7,446361,<b>FREE 365 BONUS<b>,,120.00,120,12000,108,0.00,,"""{\""displayDescriptionOnly\"":\""1\"",\""displayAngpaoText\"":\""1\"",\""creditLessThan\"":0.1,\""walletId\"":1,\""changeGameId\"":1}""",FREE,0.00,,DAILY,,,,0.3031839836390751,1
https://aud33.com,AUD33,456145,DAILY FREE,,5.00,5,500,20,0.00,,"""{\""displayDescriptionOnly\"":\""1\"",\""mobileAppOnly\"":\""0\""}""",FREE,0.00,,DAILY,,,,0.16051388989769858,1
https://audwin9.com,AUDWIN9,134746,VIP Daily Free Credit $19.99,,19.99,19.99,139,9,0.00,,"""{\""creditLessThan\"":0.5,\""displayDescriptionOnly\"":\""1\"",\""offUsernames\"":[\""195295275\"",\""185529750\""],\""displayAngpaoText\"":\""0\"",\""changeGameId\"":1,\""walletId\"":1}""",FREE,0.00,,DAILY,,,,3.719829734402207,1
https://audwin9.com,AUDWIN9,137677,SHARE 1 MEMBER GET AUD 9,,9,9,27,9,0.00,,"""{\""customBonus\"":\""sharebonus\"",\""creditLessThan\"":0.1,\""startDate\"":\""2024-06-28\"",\""mobileAppOnly\"":\""0\"",\""displayDescriptionOnly\"":\""1\"",\""walletId\"":1,\""changeGameId\"":1,\""maxCount\"":1}""",CUSTOM,0.00,,,,,,10.09647804665611,1
https://audgaming8.com,AUDGAMING,166795,<b>Daily Free Credit</b>,,10.00,10,600,10,0.00,,"""{\""creditLessThan\"":0.1,\""walletId\"":1,\""changeGameId\"":1,\""displayDescriptionOnly\"":\""1\""}""",FREE,0.00,,DAILY,,,,0.2503126214987163,1
https://audgaming8.com,AUDGAMING,74639,<b>Sharing Bonus</b>,,10,10,300,50,0.00,,"""{\""customBonus\"":\""sharebonus\"",\""creditLessThan\"":1,\""startDate\"":\""2023-07-31\"",\""displayDescriptionOnly\"":\""1\"",\""displayAngpaoText\"":\""1\"",\""walletId\"":1,\""changeGameId\"":1}""",CUSTOM,0.00,,,,,,0.9761898354482815,1
https://audgaming8.com,AUDGAMING,773779,<b>Subscribe Bonus II</b>,,30.00,30,600,30,0.00,,"""{\""displayAngpaoText\"":\""0\"",\""displayDescriptionOnly\"":\""1\"",\""creditLessThan\"":0.1,\""mustJoinTelegramChannel\"":\""igaxspeedau33\"",\""walletId\"":1,\""changeGameId\"":1}""",FREE,0.00,,,,,,1.5207279252292714,1
https://aus88win.com,Aus88Win,481100,Special Daily Free,,11.88,11.88,260,20,0.00,,"""{\""creditLessThan\"":0.1,\""displayDescriptionOnly\"":\""1\"",\""mobileAppOnly\"":\""1\"",\""displayAngpaoText\"":\""1\"",\""walletId\"":1,\""changeGameId\"":1}""",FREE,0.00,,DAILY,,,,1.133868810775502,1
https://aus4win.com,SS9AU,762318,Daily No Deposit Boost,,10.00,10,199,10,0.00,,"""{\""displayDescriptionOnly\"":\""1\"",\""mobileAppOnly\"":\""1\"",\""displayAngpaoText\"":\""1\"",\""creditLessThan\"":0.1,\""ignoreTrxAmount\"":1,\""startDate\"":\""2026-01-23\"",\""changeGameId\"":1,\""walletId\"":1}""",FREE,0.00,,DAILY,,,,0.9945015538788535,1
https://aus2u.com,Aus2u,160303,1+1 X AUS2U 579$,,579.00,579,11580,18,0.00,,"""{\""displayAngpaoText\"":\""0\"",\""displayDescriptionOnly\"":\""1\"",\""walletId\"":1,\""changeGameId\"":1,\""creditLessThan\"":0.1}""",FREE,0.00,,DAILY,,,,1.559456007211032,1
https://aus2u.com,Aus2u,192871,Daily Free Credit $99,,99.00,99,4000,20,0.00,,"""{\""displayAngpaoText\"":\""1\"",\""displayDescriptionOnly\"":\""1\"",\""walletId\"":1,\""changeGameId\"":1,\""creditLessThan\"":0.1}""",FREE,0.00,,DAILY,,,,0.6036577182586934,1
https://aus2u.com,Aus2u,160316,MONDAY FREE $$$,,12.00,12,380,15,0.00,,"""{\""mobileAppOnly\"":\""1\"",\""claimTime\"":\""N=01\"",\""displayAngpaoText\"":\""0\"",\""displayDescriptionOnly\"":\""1\"",\""walletId\"":1,\""changeGameId\"":1,\""creditLessThan\"":0.1}""",FREE,0.00,,WEEKLY,,,,0.6511161376723047,1
https://aus2u.com,Aus2u,160324,ANDROID FREE 25$,,25.00,25,600,15,0.00,,"""{\""displayDescriptionOnly\"":\""1\"",\""mobileAppOnly\"":\""1\"",\""walletId\"":1,\""changeGameId\"":1,\""creditLessThan\"":0.1}""",FREE,0.00,,DAILY,,,,0.9660971283883643,1
https://aus789.com,Aus789 PayID Casino Australia,157255,<b> SHARE & GET FREE</b>,,28,12,476,20,0.00,,"""{\""customBonus\"":\""sharebonus\"",\""creditLessThan\"":1,\""mobileAppOnly\"":\""0\"",\""displayAngpaoText\"":\""0\"",\""startDate\"":\""2023-08-20\"",\""maxCount\"":5,\""displayDescriptionOnly\"":\""1\"",\""walletId\"":1,\""changeGameId\"":1}""",CUSTOM,0.00,,,,,,0.5395267609504637,1
https://aus789.com,Aus789 PayID Casino Australia,175114,<b>APP Download Bonus $16</b>,,16.00,16,500,20,0.00,,"""{\""startDate\"":\""2023-09-17\"",\""creditLessThan\"":0.2,\""displayDescriptionOnly\"":\""0\"",\""mobileAppOnly\"":\""1\"",\""displayAngpaoText\"":\""0\"",\""walletId\"":1,\""changeGameId\"":1}""",FREE,0.00,,,,,,0.7407651230185881,1
https://ausbet88.com,AUSBET88,52213,"<b style=""color:#FF00FB;"">SHARE & INVITE</b>",,10,10,200,20,0.00,,"""{\""customBonus\"":\""sharebonus\"",\""creditLessThan\"":1,\""walletId\"":1,\""changeGameId\"":1,\""startDate\"":\""2023-03-22\"",\""displayDescriptionOnly\"":\""1\"",\""mobileAppOnly\"":\""0\""}""",CUSTOM,0.00,,,,,,1.2547964592173841,1
https://betus10.co,BETUS10,218233,<b>Daily Free Credit</b>,,30.00,30,700,10,0.00,,"""{\""creditLessThan\"":0.1,\""displayDescriptionOnly\"":\""1\"",\""ignoreTrxAmount\"":1,\""changeGameId\"":1,\""walletId\"":1}""",FREE,0.00,,DAILY,,,,0.8757891750140593,1
https://betus10.co,BETUS10,218234,<b>Download App Bonus</b>,,20.00,20,500,10,0.00,,"""{\""displayDescriptionOnly\"":\""1\"",\""displayAngpaoText\"":\""1\"",\""mobileAppOnly\"":\""1\"",\""ignoreTrxAmount\"":1,\""changeGameId\"":1,\""walletId\"":1}""",FREE,0.00,,DAILY,,,,0.7824908919849999,1
https://betus10.co,BETUS10,218243,<b>Referred Free</b>,,6,6,300,50,0.00,,"""{\""customBonus\"":\""sharebonus\"",\""creditLessThan\"":1,\""startDate\"":\""2023-10-25\"",\""displayDescriptionOnly\"":\""1\"",\""displayAngpaoText\"":\""1\"",\""changeGameId\"":1,\""walletId\"":1}""",CUSTOM,0.00,,,,,,0.49874445335064066,1
https://bigpay77.net,BigPay77,750465,Apps Daily Free,,17.00,17,500,10,0.00,,"""{\""creditLessThan\"":1,\""displayDescriptionOnly\"":\""1\"",\""mobileAppOnly\"":\""1\"",\""displayAngpaoText\"":\""1\"",\""fixRT\"":1,\""walletId\"":1,\""changeGameId\"":1}""",FREE,0.00,,DAILY,,,,0.6318727500544004,1
https://avg88.com,AVG88 (AUD),166490,DAILY APP FREE CREDIT,,5.00,5,388,10,0.00,,"""{\""mobileAppOnly\"":\""1\"",\""changeGameId\"":1,\""displayDescriptionOnly\"":\""1\"",\""displayAngpaoText\"":\""1\"",\""creditLessThan\"":0.1,\""walletId\"":1}""",FREE,0.00,,DAILY,,,,0.17357872757482712,1
https://avg88.com,AVG88 (AUD),142140,SHARE BONUS,,36,36,720,20,0.00,,"""{\""customBonus\"":\""sharebonus\"",\""creditLessThan\"":0.5,\""minCount\"":1,\""displayDescriptionOnly\"":\""1\"",\""startDate\"":\""2023-09-13\"",\""displayAngpaoText\"":\""1\"",\""walletId\"":1}""",CUSTOM,0.00,,DAILY,,,,1.3642146267088628,1
https://betworld96au.com,Betworld96 Australia Online Casino,209850,Install Betworld96 To Claim Free AUD 18.96,,18.96,18.96,379.2,20,0.00,,"""{\""mobileAppOnly\"":\""1\"",\""walletId\"":1,\""changeGameId\"":1,\""displayAngpaoText\"":\""0\"",\""displayDescriptionOnly\"":\""1\""}""",FREE,0.00,,,,,,1.3085425077050103,1
https://betman9.com,BETMAN9,823856,BETMAN 9 x BNG,,9.00,9,199,20,0.00,,"""{\""mobileAppOnly\"":\""1\"",\""displayDescriptionOnly\"":\""1\"",\""displayAngpaoText\"":\""0\"",\""walletId\"":1,\""changeGameId\"":1,\""creditLessThan\"":0.1}""",FREE,0.00,,,,,,1.0992886789080416,1
https://bondi333.com,BONDI333,806527,<b>Daily Free $30</b>,,30.00,30,1500,10,0.00,,"""{\""creditLessThan\"":0.1,\""displayDescriptionOnly\"":\""1\"",\""walletId\"":1,\""changeGameId\"":1,\""displayAngpaoText\"":\""0\""}""",FREE,0.00,,DAILY,,,,0.3377987585017371,1
https://bondi333.com,BONDI333,807206,<b>Daily Free </b>,,4.00,4,300,10,0.00,,"""{\""creditLessThan\"":0.1,\""displayDescriptionOnly\"":\""1\""}""",FREE,0.00,,DAILY,,,,0.17865062423564385,1
https://bondi333.com,BONDI333,166311,<b>Daily Ultra Free </b>,,5.00,5,300,20,0.00,,"""{\""creditLessThan\"":0.1,\""displayDescriptionOnly\"":\""1\""}""",FREE,0.00,,DAILY,,,,0.30396498381466175,1
https://cergas.online,CERGASBET,26510,DAILY FREE CREDIT,,5.00,5,100,10,0.00,,"""{\""displayDescriptionOnly\"":\""1\"",\""displayAngpaoText\"":\""1\"",\""creditLessThan\"":0.1,\""walletId\"":1,\""changeGameId\"":1}""",FREE,0.00,,DAILY,,,,0.9452270845626882,1
https://cergas.online,CERGASBET,9239,HOURLY FREE 365,,3.00,3,100,10,0.00,,"""{\""mobileAppOnly\"":\""0\"",\""displayDescriptionOnly\"":\""1\"",\""displayAngpaoText\"":\""1\"",\""creditLessThan\"":0.1,\""walletId\"":1,\""changeGameId\"":1}""",FREE,0.00,,HOURLY,,,,0.4839316980808067,1
https://cergas.online,CERGASBET,26823,CERGAS APP BONUS,,10.00,10,100,10,0.00,,"""{\""creditLessThan\"":0.1,\""startDate\"":\""2024-10-12\"",\""displayAngpaoText\"":\""0\"",\""mobileAppOnly\"":\""1\"",\""walletId\"":1,\""changeGameId\"":1,\""displayDescriptionOnly\"":\""1\""}""",FREE,0.00,,,,,,2.3505625446321727,1
https://boyabet9.com,BoyaBet9,463774,<B>SPECIAL DAILY FREE<B>,,6.99,6.99,270,20,0.00,,"""{\""creditLessThan\"":0.1,\""displayDescriptionOnly\"":\""1\"",\""mobileAppOnly\"":\""0\"",\""walletId\"":1,\""changeGameId\"":1}""",FREE,0.00,,DAILY,,,,0.5384618213435755,1
https://cyberbet77.com,CYBERBET77,127033,<B>Free 365 Days</B>,,2.00,2,100,20,0.00,,"""{\""creditLessThan\"":1,\""walletId\"":1,\""changeGameId\"":1,\""displayDescriptionOnly\"":\""1\"",\""registerDate\"":\""2023-10-21\"",\""displayAngpaoText\"":\""1\""}""",FREE,0.00,,DAILY,,,,0.36187915196815357,1
https://cyberbet77.com,CYBERBET77,102874,<b>Referral Bonus</b>,,5,5,20,50,0.00,,"""{\""customBonus\"":\""downlinedeposit\"",\""creditLessThan\"":1,\""startDate\"":\""2023-07-17\"",\""displayDescriptionOnly\"":\""1\"",\""displayAngpaoText\"":\""1\""}""",CUSTOM,0.00,,,20.00,,,11.58811245149604,1
https://candymommy.co,CANDYMOMMY,28246,"<b style=""color:black;"">NEW REGISTER FREE</b>",,200.00,200,4000,20,0.00,,"""{\""creditLessThan\"":0.1,\""displayDescriptionOnly\"":\""1\"",\""registerDate\"":\""2022-05-06\"",\""walletId\"":1,\""changeGameId\"":1}""",FREE,0.00,,,,,,1.5168728522373116,1
https://candymommy.co,CANDYMOMMY,28247,"<b style=""color:black;"">HOURLY BONUS</b>",,15.00,15,200,5,0.00,,"""{\""displayDescriptionOnly\"":\""1\"",\""displayAngpaoText\"":\""1\"",\""walletId\"":1,\""changeGameId\"":1,\""creditLessThan\"":0.1,\""resetHour\"":2}""",FREE,0.00,,HOURLY,,,,1.2588993529486476,1
https://candymommy.co,CANDYMOMMY,239408,<b>Return Back Bonus,,10.00,10,500,10,0.00,,"""{\""displayDescriptionOnly\"":\""1\""}""",FREE,0.00,,MONTHLY,,,,0.31438318259269477,1
https://cashnet99.com,CASHNET,9874,Daily Free Credit,,3.00,3,50,30,0.00,,"""{\""displayAngpaoText\"":\""1\"",\""displayDescriptionOnly\"":\""1\"",\""creditLessThan\"":0.1,\""changeGameId\"":1,\""walletId\"":1}""",FREE,0.00,,DAILY,,,,1.648314296546503,1
https://cashnet99.com,CASHNET,262568,<b> Download App Gift FreeSpin<b>,,0.10,0.1,100,10,0.00,,"""{\""freeRoundAPI\"":{\""site\"":\""BNG2\"",\""params\"":{\""campaign\"":\""BNG free spin\"",\""total_rounds\"":30,\""game_id\"":\""496\"",\""bonus_type\"":\""FIXED_FREEBET\"",\""total_bet\"":0.2,\""round_bet\"":0.2}},\""displayDescriptionOnly\"":\""1\"",\""creditLessThan\"":\""0.01\"",\""displayAngpaoText\"":\""0\"",\""startDate\"":\""2026-03-23\"",\""walletId\"":1,\""changeGameId\"":1,\""mobileAppOnly\"":\""1\""}""",FREE,0.00,,,,,,0.006202764220146792,1
https://cashnet99.com,CASHNET,13386,<b>Hours Free Spin<b>,,0.10,0.1,50,30,0.00,,"""{\""freeRoundAPI\"":{\""site\"":\""BNG2\"",\""params\"":{\""campaign\"":\""BNG free spin\"",\""total_rounds\"":5,\""game_id\"":\""377\"",\""bonus_type\"":\""FIXED_FREEBET\"",\""total_bet\"":0.2,\""round_bet\"":0.2}},\""displayDescriptionOnly\"":\""1\"",\""creditLessThan\"":\""0.01\"",\""displayAngpaoText\"":\""0\"",\""walletId\"":1,\""changeGameId\"":1,\""fixRT\"":1}""",FREE,0.00,,HOURLY,,,,0.021127165223361458,1
https://cashnet99.com,CASHNET,266826,<b>APP Daily Free Spin<b>,,0.10,0.1,100,30,0.00,,"""{\""freeRoundAPI\"":{\""site\"":\""BNG2\"",\""params\"":{\""campaign\"":\""BNG free spin\"",\""total_rounds\"":20,\""game_id\"":\""377\"",\""bonus_type\"":\""FIXED_FREEBET\"",\""total_bet\"":0.2,\""round_bet\"":0.2}},\""displayDescriptionOnly\"":\""1\"",\""creditLessThan\"":\""0.01\"",\""displayAngpaoText\"":\""0\"",\""walletId\"":1,\""changeGameId\"":1,\""fixRT\"":1,\""mobileAppOnly\"":\""1\""}""",FREE,0.00,,DAILY,,,,0.008882878750398795,1
https://cashnet99.com,CASHNET,,COMMISSION,COMMISSION,,2.4,,1000,,,{},,,,,,,,110.2670038242825,1
https://clubimperioaus.com,Club Imperio Aus,60807,<b>365Days FreeBonus</b>,,1.00,1,138,20,0.00,,"""{\""creditLessThan\"":0.5,\""mobileAppOnly\"":\""0\"",\""displayDescriptionOnly\"":\""1\""}""",FREE,0.00,,DAILY,,,,0.09845439717382848,1
https://diamondaud.com,DIAMONDAUD,122637,<b>Daily Free </b>,,10.00,10,600,10,0.00,,"""{\""creditLessThan\"":0.1,\""walletId\"":1,\""changeGameId\"":1,\""displayDescriptionOnly\"":\""1\""}""",FREE,0.00,,DAILY,,,,0.2503126214987163,1
https://diamondaud.com,DIAMONDAUD,830114,<b>FIFA FREE ⭐,,30.00,30,1000,10,0.00,,"""{\""displayAngpaoText\"":\""0\"",\""displayDescriptionOnly\"":\""1\"",\""creditLessThan\"":0.1,\""mustJoinTelegramChannel\"":\""diamondaud\"",\""changeGameId\"":1,\""walletId\"":1}""",FREE,0.00,,,,,,0.5607536677966316,1
https://dd8au.com,DD8AU,469162,DAILY FREE,,500.00,500,10000,10,0.00,,"""{\""creditLessThan\"":0.1, \""displayDescriptionOnly\"":\""1\"",\""walletId\"":1,\""changeGameId\"":1}""",FREE,0.00,,DAILY,,,,1.2595888978752612,1
https://cyberpunk369.com,CYBERPUNK369,26827,<b>AEP ALL SLOT </b>,,5.00,5,100,0.05,0.00,,"""{\""displayAngpaoText\"":\""1\"",\""displayDescriptionOnly\"":\""1\"",\""creditLessThan\"":0.1,\""registerDate\"":\""2024-01-01\"",\""mobileAppOnly\"":\""0\"",\""mustJoinTelegramChannel\"":\""auspokiesentertaintment\""}""",FREE,0.00,,,,,,0.019232610012774754,1
https://cyberpunk369.com,CYBERPUNK369,267657,<b> CyberMass Free </b>,,88.00,88,600,10,0.00,,"""{\""creditLessThan\"":0.1,\""displayDescriptionOnly\"":\""1\"",\""walletId\"":1,\""changeGameId\"":1,\""displayAngpaoText\"":\""1\""}""",FREE,0.00,,WEEKLY,,,,4.364110201419518,1
https://cyberpunk369.com,CYBERPUNK369,16437,<b>Check-in Bonus MONDAY</b>,,10.00,10,100,9,0.00,,"""{\""claimTime\"":\""N=1\"",\""displayDescriptionOnly\"":\""1\"",\""displayAngpaoText\"":\""0\"",\""creditLessThan\"":0.1,\""walletId\"":1,\""changeGameId\"":1}""",FREE,0.00,,WEEKLY,,,,2.2571337192319896,1
https://cyberpunk369.com,CYBERPUNK369,266828,<b>Download Apps Free</b>,,20.00,20,300,10,0.00,,"""{\""creditLessThan\"":0.1,\""displayDescriptionOnly\"":\""1\"",\""walletId\"":1,\""changeGameId\"":1,\""mobileAppOnly\"":\""1\""}""",FREE,0.00,,DAILY,,,,1.4818021759296418,1
https://ezaud.com,EzAud (AUD),738530,FREE CREDIT 365 DAYS,,15.00,15,250,15,0.00,,"""{\""walletId\"":1,\""changeGameId\"":1,\""displayDescriptionOnly\"":\""1\"",\""creditLessThan\"":1}""",FREE,0.00,,DAILY,,,,1.4738702003434807,1
https://ezaud.com,EzAud (AUD),185876,REFER & EARN,,10,10,200,20,0.00,,"""{\""walletId\"":1,\""changeGameId\"":1,\""customBonus\"":\""sharebonus\"",\""creditLessThan\"":0.1,\""startDate\"":\""2024-12-01\"",\""displayDescriptionOnly\"":\""1\""}""",CUSTOM,0.00,,,,,,1.2547964592173841,1
https://eebet9.com,EEBET9,79616,"<b style=""color:#b3e9ff;"">SHARE & INVITE</b>",,5,5,100,20,0.00,,"""{\""customBonus\"":\""sharebonus\"",\""creditLessThan\"":0.1,\""startDate\"":\""2023-03-22\"",\""displayDescriptionOnly\"":\""1\"",\""maxCount\"":1,\""mobileAppOnly\"":\""1\"",\""walletId\"":1,\""changeGameId\"":1}""",CUSTOM,0.00,,,,,,1.200121248138004,1
https://epicpokies.com,EPICPOKIES,156193,<b>FREE 365 BONUS<b>,,400.00,400,48000,116,0.00,,"""{\""creditLessThan\"":1,\""displayDescriptionOnly\"":\""1\"",\""displayAngpaoText\"":\""1\"",\""changeGameId\"":1,\""walletId\"":1}""",FREE,0.00,,DAILY,,,,0.2630428297261015,1
https://epicpokies.com,EPICPOKIES,466842,<b>DOWNLOAD APPS FREE $200<b>,,200.00,200,40000,156,0.00,,"""{\""registerDate\"":\""2022-01-22\"",\""creditLessThan\"":1,\""displayDescriptionOnly\"":\""1\"",\""mobileAppOnly\"":\""1\"",\""walletId\"":1,\""changeGameId\"":1}""",FREE,0.00,,DAILY,,,,0.14166356878135755,1
https://epicpokies.com,EPICPOKIES,761421,<b> DAILY SOCIAL FREE<b>,,100.00,100,10000,108,0.00,,"""{\""displayAngpaoText\"":\""1\"",\""displayDescriptionOnly\"":\""1\"",\""creditLessThan\"":0.1,\""registerDate\"":\""2024-01-01\"",\""mobileAppOnly\"":\""0\"",\""mustJoinTelegramChannel\"":\""epicpokiesofficial\"",\""walletId\"":1,\""changeGameId\"":1}""",FREE,0.00,,DAILY,,,,0.299825272934518,1
https://enjoy2aus.com,Enjoy2AUS,49995,<b>Daily Free Chip</b>,,0.00,1,150,20,0.00,,"""{\""displayAngpaoText\"":\""1\"",\""displayDescriptionOnly\"":\""1\"",\""creditLessThan\"":0.1,\""mobileAppOnly\"":\""0\""}""",FREE,0.00,1,DAILY,,,,0.08870945305239049,1
https://gday123.com,Gday123 Australia,797058,"GDAY, FREE’S YOURS!",,7.00,7,350,30,0.00,,"""{\""creditLessThan\"":0.5,\""displayDescriptionOnly\"":\""1\"",\""displayAngpaoText\"":\""1\"",\""mobileAppOnly\"":\""0\"",\""walletId\"":1,\""changeGameId\"":1,\""offUsernames\"":[\""392576581\"",\""396299827\"",\""A016A2116\""]}""",FREE,0.00,,,,,,0.43991635215688646,1
https://g9aus.com,Gwin9,,Rollover Rebate,REBATE,,0.12,,999,,,{},,,,,,,,7.107913914228184,1
https://emax7.co,EMAX7,192788,Free Chips (Daily),,2.00,2,137,20,0.00,,"""{\""mobileAppOnly\"":\""1\"",\""creditLessThan\"":0.1,\""displayDescriptionOnly\"":\""1\""}""",FREE,0.00,,DAILY,,,,0.24415344411182657,1
https://emax7.co,EMAX7,449403,Daily Free (Ⅰ),,7.77,7.77,577,20,0.00,,"""{\""customBonus\"":\""manual\"",\""creditLessThan\"":0.01,\""mobileAppOnly\"":\""1\"",\""displayDescriptionOnly\"":\""1\"",\""walletId\"":1,\""changeGameId\"":1,\""fixRT\"":1}""",FREE,0.00,,DAILY,,,,0.23948919341326821,1
https://fc8au.com,FC8AU,243987,LUCKY DAILY WIN FREE,,500.00,500,10000,10,0.00,,"""{\""displayDescriptionOnly\"":\""1\"",\""creditLessThan\"":0.1,\""walletId\"":1,\""changeGameId\"":1}""",FREE,0.00,,DAILY,,,,1.2595888978752612,1
https://ezspin68.vip,Ezspin68,470005,<b>EZ Free Credit</b>,,199.00,199,1990,10,0.00,,"""{\""creditLessThan\"":1,\""displayDescriptionOnly\"":\""1\"",\""mobileAppOnly\"":\""1\"",\""walletId\"":1,\""changeGameId\"":1,\""displayAngpaoText\"":\""0\""}""",FREE,0.00,,DAILY,,,,2.840657533684931,1
https://ezspin68.vip,Ezspin68,238932,<b>Free Chips</b>,,9.99,9.99,999,10,0.00,,"""{\""creditLessThan\"":1,\""displayDescriptionOnly\"":\""1\"",\""mobileAppOnly\"":\""1\"",\""walletId\"":1,\""changeGameId\"":1}""",FREE,0.00,,DAILY,,,,0.13217320343825856,1
https://gembetaus.com,GEM9BET,163051,Daily Login Free,,1.99,1.99,199,20,0.00,,"""{\""creditLessThan\"":0.01,\""mobileAppOnly\"":\""0\"",\""displayAngpaoText\"":\""1\"",\""displayDescriptionOnly\"":\""1\"",\""startDate\"":\""2024-05-03\"",\""walletId\"":1,\""changeGameId\"":1}""",FREE,0.00,,DAILY,,,,0.15211115876905285,1
https://jw8au.com,JW8AU,465923,<b>Welcome Back JW8</b> <b>#C</b>,,108.00,108,180,25,0.00,,"""{\""creditLessThan\"":0.01,\""displayDescriptionOnly\"":\""1\"",\""registerDate\"":\""2023-01-01\"",\""walletId\"":1,\""changeGameId\"":1,\""displayAngpaoText\"":\""1\""}""",FREE,0.00,,,,,,34.935858339321705,1
https://jw8au.com,JW8AU,720042,<b>App Bonus</b>,,88.00,88,3888,38,0.00,,"""{\""creditLessThan\"":0.1,\""displayDescriptionOnly\"":\""1\"",\""registerDate\"":\""2023-01-01\"",\""walletId\"":1,\""changeGameId\"":1,\""displayAngpaoText\"":\""1\"",\""mobileAppOnly\"":\""1\""}""",FREE,0.00,,,,,,0.6449116816413177,1
https://jw8au.com,JW8AU,231817,<b>Ultra Daily FREE</b> <b>#R</b>,,888.00,888,8888,10,0.00,,"""{\""creditLessThan\"":0.01,\""startDate\"":\""2024-04-03\"",\""displayDescriptionOnly\"":\""1\"",\""walletId\"":1,\""changeGameId\"":1,\""mobileAppOnly\"":\""1\""}""",FREE,0.00,,DAILY,,,,3.0892497883969123,1
https://iw99au.com,IW99,143029,<b>FREE 365 DAYS ALL SLOT<b>,,5.00,5,100,0.05,0.00,,"""{\""displayDescriptionOnly\"":\""1\"",\""displayAngpaoText\"":\""1\"",\""walletId\"":1,\""changeGameId\"":1}""",FREE,0.00,,DAILY,,,,0.019232610012774754,1
https://iw99au.com,IW99,191418,<b>MOBILE APP PREE CREDIT</b>,,10.00,10,150,0.05,0.00,,"""{\""creditLessThan\"":0.1,\""displayDescriptionOnly\"":\""1\"",\""walletId\"":1,\""changeGameId\"":1,\""mobileAppOnly\"":\""1\""}""",FREE,0.00,,DAILY,,,,0.02881109773053212,1
https://iw99au.com,IW99,215998,<b>JOIN TELEGRAM<b>,,100.00,100,888,10,0.00,,"""{\""displayAngpaoText\"":\""0\"",\""displayDescriptionOnly\"":\""1\"",\""mobileAppOnly\"":\""0\"",\""creditLessThan\"":0.1,\""registerDate\"":\""2023-01-01\"",\""mustJoinTelegramChannel\"":\""iW99audchannel\"",\""walletId\"":1,\""changeGameId\"":1}""",FREE,0.00,,,,,,3.161437519846701,1
https://aud99.com,Aud99,,Daily Bet Rebate,REBATE,,0.13,,599,,,{},,,,,,,,7.280502246217325,1
https://1bigwin.com,1BIGWIN,763525,Apps User Daily Free,,10.00,10,100,10,0.00,,"""{\""displayDescriptionOnly\"":\""1\"",\""mobileAppOnly\"":\""1\"",\""displayAngpaoText\"":\""1\"",\""creditLessThan\"":0.1,\""ignoreTrxAmount\"":1,\""startDate\"":\""2025-09-23\"",\""walletId\"":1,\""changeGameId\"":1}""",FREE,0.00,,DAILY,,,,2.3505625446321727,1
https://acehighwin.com,ACEHIGHWIN,199753,<B>Daily Free(Event),,15.00,15,600,10,0.00,,"""{\""creditLessThan\"":0.1,\""walletId\"":1,\""changeGameId\"":1,\""displayDescriptionOnly\"":\""1\""}""",FREE,0.00,,DAILY,,,,0.4267170000250283,1
https://auwin7.com,AUWIN7,241488,App Download Free AUD3,,3.00,3,100,17,0.00,,"""{\""creditLessThan\"":0.1,\""displayDescriptionOnly\"":\""0\"",\""displayAngpaoText\"":\""0\"",\""mobileAppOnly\"":\""1\"",\""walletId\"":1,\""changeGameId\"":1}""",FREE,0.00,,,,,,0.5833209351345645,1
https://auwin7.com,AUWIN7,64301,Daily Check In Bonus,,16.88,16.88,377,17,0.00,,"""{\""creditLessThan\"":0.1,\""mobileAppOnly\"":\""0\"",\""displayAngpaoText\"":\""0\"",\""displayDescriptionOnly\"":\""1\"",\""walletId\"":1,\""changeGameId\"":1}""",FREE,0.00,,DAILY,,,,1.0739686464676557,1
https://betworld168.vip,BetWorld168.vip,825238,<b>Mobile App Bonus<b>,,5.00,5,200,20,0.00,,"""{\""customBonus\"":\""manual\"",\""mobileAppOnly\"":\""1\"",\""displayDescriptionOnly\"":\""1\"",\""displayAngpaoText\"":\""1\"",\""fixRT\"":1,\""walletId\"":1,\""changeGameId\"":1,\""creditLessThan\"":0.1}""",FREE,0.00,,,,,,0.5045888277145305,1
https://crown155au.com,Original Crownzo Online Casino Australia,830523,<b> Rebrand Bonus</b>,,58.00,58,870,20,0.00,,"""{\""creditLessThan\"":1,\""displayDescriptionOnly\"":\""1\"",\""walletId\"":1,\""changeGameId\"":1,\""displayAngpaoText\"":\""0\""}""",FREE,0.00,,,,,,2.0148975164535674,1
https://decho34.com,Decho34,795238,"<b style=""colour:white"">APP Free (Convert Deposit)",,10.00,10,390,21,0.00,,"""{\""creditLessThan\"":0.01,\""displayDescriptionOnly\"":\""1\"",\""mobileAppOnly\"":\""1\"",\""walletId\"":1,\""changeGameId\"":1}""",FREE,0.00,,DAILY,,,,0.5528608168460024,1
https://decho34.com,Decho34,198019,"<b style=""colour:white"">Daily Free",,6.00,6,390,25,0.00,,"""{\""creditLessThan\"":0.01,\""displayDescriptionOnly\"":\""1\"",\""mobileAppOnly\"":\""0\"",\""walletId\"":1,\""changeGameId\"":1}""",FREE,0.00,,DAILY,,,,0.29772725081127055,1
https://dns33.com,DNS33,126431,DOWNLINE GAIN & WITHDRAW AUD 30,,8,8,240,30,0.00,,"""{\""customBonus\"":\""sharebonus\"",\""creditLessThan\"":0.5,\""startDate\"":\""2023-11-21\"",\""displayDescriptionOnly\"":\""1\"",\""displayAngpaoText\"":\""1\"",\""walletId\"":1,\""changeGameId\"":1}""",CUSTOM,0.00,,DAILY,,,,0.8402879928088312,1
https://ff96au.com,FF96,,COMMISSION,COMMISSION,,5,,1000,,,{},,,,,,,,115.18428174069976,1
https://fuckmate.co,FuckMate,173384,New Share Bonus,,2,2,20,15,0.00,,"""{\""customBonus\"":\""sharebonus\"",\""creditLessThan\"":0.1,\""startDate\"":\""2023-07-29\"",\""walletId\"":1,\""changeGameId\"":1,\""displayAngpaoText\"":\""0\"",\""displayDescriptionOnly\"":\""1\"",\""initial_free_limit\"":\""0\"",\""deposit_free_limit\"":\""0\"",\""min_withdraw\"":\""10\"",\""max_withdraw\"":\""15\""}""",CUSTOM,0.00,,,,,,2.464009299685826,1
https://nightclubaus.com,NC88AU,240890,APP FREE CHECK IN,,18.88,18.88,1000,20,0.00,,"""{\""creditLessThan\"":1,\""mobileAppOnly\"":\""1\"",\""walletId\"":1,\""changeGameId\"":1}""",FREE,0.00,,DAILY,,,,0.38721981136454137,1
